{
    "WindowsVersion": 11,
    "PostAction": {
        "Restart": null,
        "RestartType": "Normal"
    },
    "Cleaner": {
        "TempFiles": null,
        "BsodDumps": null,
        "ErrorReports": null,
        "RecycleBin": null,
        "InternetExplorer": null,
        "GoogleChrome": {
            "Cache": null,
            "Cookies": null,
            "History": null,
            "Session": null,
            "Passwords": null
        },
        "MozillaFirefox": {
            "Cache": null,
            "Cookies": null,
            "History": null
        },
        "MicrosoftEdge": {
            "Cache": null,
            "Cookies": null,
            "History": null,
            "Session": null
        },
        "BraveBrowser": {
            "Cache": null,
            "Cookies": null,
            "History": null,
            "Session": null,
            "Passwords": null
        }
    },
    "Pinger": {
        "SetDNS": "",
        "CustomDNSv4": [],
        "CustomDNSv6": [],
        "FlushDNSCache": null
    },
    "ProcessControl": {
        "Prevent": [],
        "Allow": []
    },
    "HostsEditor": {
        "Block": [],
        "Add": [],
        "Remove": [],
        "IncludeWwwCname": null
    },
    "RegistryFix": {
        "TaskManager": null,
        "CommandPrompt": null,
        "ControlPanel": null,
        "FolderOptions": null,
        "RunDialog": null,
        "RightClickMenu": null,
        "WindowsFirewall": null,
        "RegistryEditor": null
    },
    "Integrator": {
        "TakeOwnership": null,
        "OpenWithCMD": null
    },
    "AdvancedTweaks": {
        "UnlockAllCores": null,
        "DisableHPET": null,
        "EnableLoginVerbose": null,
        "SvchostProcessSplitting": {
            "Disable": null,
            "RAM": null
        }
    },
    "Tweaks": {
        "EnablePerformanceTweaks": null,
        "DisableNetworkThrottling": null,
        "DisableWindowsDefender": null,
        "DisableSystemRestore": null,
        "DisablePrintService": null,
        "DisableMediaPlayerSharing": null,
        "DisableErrorReporting": null,
        "DisableHomeGroup": null,
        "DisableSuperfetch": null,
        "DisableTelemetryTasks": null,
        "DisableOffice2016Telemetry": null,
        "DisableCompatibilityAssistant": null,
        "DisableHibernation": null,
        "DisableSMB1": null,
        "DisableSMB2": null,
        "DisableNTFSTimeStamp": null,
        "DisableFaxService": null,
        "DisableSmartScreen": null,
        "DisableStickyKeys": null,
        "DisableCloudClipboard": null,
        "EnableLegacyVolumeSlider": null,
        "DisableQuickAccessHistory": null,
        "DisableStartMenuAds": null,
        "UninstallOneDrive": null,
        "DisableMyPeople": null,
        "DisableAutomaticUpdates": null,
        "ExcludeDrivers": null,
        "DisableTelemetryServices": null,
        "DisablePrivacyOptions": null,
        "DisableCortana": null,
        "DisableSensorServices": null,
        "DisableWindowsInk": null,
        "DisableSpellingTyping": null,
        "DisableXboxLive": null,
        "DisableGameBar": null,
        "DisableInsiderService": null,
        "DisableStoreUpdates": null,
        "EnableLongPaths": null,
        "RemoveCastToDevice": null,
        "EnableGamingMode": null,
        "TaskbarToLeft": null,
        "DisableSnapAssist": null,
        "DisableWidgets": null,
        "DisableChat": null,
        "TaskbarSmaller": null,
        "DisableStickers": null,
        "ClassicRibbon": null,
        "ClassicMenu": null,
        "DisableTPMCheck": null,
        "CompactMode": null,
        "DisableVirtualizationBasedTechnology": null,
        "DisableVisualStudioTelemetry": null,
        "DisableFirefoxTemeletry": null,
        "DisableChromeTelemetry": null,
        "DisableNVIDIATelemetry": null,
        "DisableSearch": null,
        "DisableEdgeDiscoverBar": null,
        "DisableEdgeTelemetry": null,
        "DisableCoPilotAI": null,
        "RestoreClassicPhotoViewer": null
    }
}